model,test_pass_rate,compile_rate,performance_proximity,compile_proximity
H2looP v0.1-Coder,44.85981308411215,69.1588785046729,64.0,91.35802469135803
H2looP v0.1-Multimodal,38.67924528301887,65.09433962264151,55.182389937106926,85.98881900768694
