model,total_problems,compiled_successfully,tests_passed,compile_rate,test_pass_rate,test_pass_rate_compiled
H2looP v0.1-Coder,107,74,48,69.1588785046729,44.85981308411215,64.86486486486487
H2looP v0.1-Multimodal,106,69,41,65.09433962264151,38.67924528301887,59.42028985507246
Deepseek Coder V2-lite,107,71,39,66.35514018691589,36.44859813084112,54.929577464788736
Mistral NeMo 12B,106,58,23,54.71698113207547,21.69811320754717,39.6551724137931
Llama-4 Maverick 400B3_8b,107,50,14,46.728971962616825,13.084112149532709,28.000000000000004
